id,user_id,question,drive_file_id,created_at
1,1,Tell us about yourself?,19VjI0oancXKK2TAfNXVzoJfGzOooeWIs,2024-12-11 12:08:29.901602
2,1,What’s your view on remote work culture?,1tIhKsJsKpeH90IVhaPTbN7WG0T7zE-ja,2024-12-11 12:08:31.886322
3,1,How do you stay updated with industry trends?,1Pd05FmG5RYeglKujonmYY0hPQcH_Go5T,2024-12-11 12:08:34.038388
4,1,What inspired you to choose your career path?,1BvQo39FLPOx0xayQhNR-ncrReC2mRVAi,2024-12-11 12:08:35.900005
5,1,Tell us about yourself?,1RKdgsynLRTGRrOaXt2pXT38ZVQYxOjs2,2024-12-11 12:32:39.437867
6,1,What’s your view on remote work culture?,16LGtdrVjmGphLZBw0de0Acg8Dafd_qEB,2024-12-11 12:32:41.563891
7,1,How do you stay updated with industry trends?,1amHKs20MfzBM5fk9RLSSMRzD0LF0VLjG,2024-12-11 12:32:43.835977
8,1,What inspired you to choose your career path?,1OKlR1ISJzsclPwH45d7TyjBaHjyQaU9V,2024-12-11 12:32:46.47786
9,1,Tell us about yourself?,1I-Eo1eXvQQ9r5d5BpPoRm4X2djJxLBPK,2024-12-11 16:50:25.693432
10,1,What’s your view on remote work culture?,1kc-e53CpFQ32L_n08O580ed6T-eslrZS,2024-12-11 16:50:27.981126
11,1,How do you stay updated with industry trends?,1zuTWkRIJOUVDdZKlRY3nUVWSq7ffr2eq,2024-12-11 16:50:30.278834
12,1,What inspired you to choose your career path?,1wIoaOC5U5-xQDul6ZTKOpDPxXCqJIiVf,2024-12-11 16:50:32.854289
13,1,Tell us about yourself?,1SSoBwh3uDe2NKHvbOmZJGmv1pJ0A4GIN,2024-12-11 16:54:49.166649
14,1,What’s your view on remote work culture?,1OS5CY2wfSn8g8C1twV9w4uVXUHva3-Zw,2024-12-11 16:54:51.521958
15,1,How do you stay updated with industry trends?,1dNSyQ3X5OdoIOCJ-epRemI68piFv1jnm,2024-12-11 16:54:53.859612
16,1,What inspired you to choose your career path?,1MjJHG4ACXrJ1iFJZ93xn68-E6wLfc-vN,2024-12-11 16:54:56.116549
17,1,Tell us about yourself?,15JoVVph6MKgwELR0B1QLd0C3j_qdavBa,2024-12-11 16:58:07.009995
18,1,What’s your view on remote work culture?,1DthpfO3lpRiNTt03eUpLQsw_uEnwjOMD,2024-12-11 16:58:09.563539
19,1,How do you stay updated with industry trends?,1gUu6YrRQa-GysrUf2kPSA-ziIh7Hz39J,2024-12-11 16:58:11.8163
20,1,What inspired you to choose your career path?,1ojhQSLi1Q2MocyY6VIG0nePWTqD9t0jS,2024-12-11 16:58:14.171287
21,1,Tell us about yourself?,16C7RQ6UIC6Sl69emSeBF7XsQR1lRoAj3,2024-12-11 16:59:40.290742
22,1,What’s your view on remote work culture?,1_oRZauFb9gx_co0Z4XX2urUxkDS-Ni6b,2024-12-11 16:59:42.748141
23,1,How do you stay updated with industry trends?,1_TI8yiRDRcmaYrVYcVi8sAdtEZRGnABC,2024-12-11 16:59:44.909491
24,1,What inspired you to choose your career path?,11r5ggvDxBDXBE7IcaoQ9AKgP14iVc_X7,2024-12-11 16:59:46.945973
25,1,Tell us about yourself?,1zIa-p58YRnFsldlDXVUe7Lf1x1-q_ris,2024-12-11 17:06:22.274502
26,1,What’s your view on remote work culture?,1u6lbojG8I36M9tZQoMM6Moc81KkFEsA6,2024-12-11 17:06:24.608916
27,1,How do you stay updated with industry trends?,17shzGew3YZNUmaSCNrJCj5V_TF-mGfQq,2024-12-11 17:06:26.883094
28,1,What inspired you to choose your career path?,1g_hmCB1KfapCf_NTtRPiRr29PSIlge7m,2024-12-11 17:06:29.282912
29,1,Tell us about yourself?,1PQV9uDHccQIwyGPDmMc_QOKWBDJGEJ-3,2024-12-11 17:31:14.407476
30,1,Tell us about yourself?,1_uaiPZBj5HtnzCSx6ivWLubnRkE8xkVk,2024-12-11 17:34:01.833674
31,1,Tell us about yourself?,12OgySy0ioWJA8cg1QmGTNeTmeR7ruFtI,2024-12-11 17:40:15.289862
32,1,Tell us about yourself?,1ddqg3kLqLxxsV7IIxyHnFbApQfWHzaVJ,2024-12-11 17:46:58.746773
33,1,Tell us about yourself?,1DS2jwj6LN9b-yWFkWngihPCv85uigvTQ,2024-12-11 17:50:41.025087
34,1,Tell us about yourself?,1Igmi9kOs-mgLKfH5S_haTuho0M8P4zIm,2024-12-11 18:04:41.409857
35,1,Tell us about yourself?,17nHnuyI9Kv2h20RXEu2nStTJRtbG0CQK,2024-12-11 18:09:05.646924
36,1,Tell us about yourself?,1M9m8RP_XNSibXa6otR99-0Hw_KbL5jVn,2024-12-11 18:11:10.983052
37,1,Tell us about yourself?,1iJPyEQpAp0tTN5ymXbxlDdThGY4cAOtN,2024-12-11 18:12:21.663442
38,1,Tell us about yourself?,1QXZRhTtBML3qH6ljDhsTpgCtM8A8UYgC,2024-12-11 18:13:11.731845
39,1,Tell us about yourself?,17C-HRRAeVHcldJF8wfuVjKMSukz-mqHW,2024-12-11 18:17:07.828218
40,1,Tell us about yourself?,11-VKTdPJo7BDxYa7qTse32nJXMcDiNnQ,2024-12-11 18:18:13.543163
41,1,Tell us about yourself?,1VLhJ8v926wW0wGDIgU8RrtMRy77KAePk,2024-12-11 18:20:30.318506
42,1,Tell us about yourself?,1L5uAtnkIC90UnNPgY-pE0mlcRAYve158,2024-12-11 18:21:25.221649
43,1,Tell us about yourself?,1vC172AAq7bsfL6oLwjp66jM2JK3icmcu,2024-12-11 18:22:58.4478
44,1,Tell us about yourself?,1FFhTtNUI6viY9wAI7sZuGWL99K8lsaT4,2024-12-11 18:29:13.520998
45,1,Tell us about yourself?,1P8CgWayLPRJlDx05kAb9rrcN-Ux4f7MZ,2024-12-11 18:33:16.821613
46,1,Tell us about yourself?,1nA7TTSpL995kWh1dZErZWybrhQD7CXWQ,2024-12-11 18:37:53.278941
47,1,Tell us about yourself?,1bQLn1rNi8Ke0JDQQv9XAzQG7PfpzxUZs,2024-12-11 18:42:14.021763
48,1,Tell us about yourself?,12AELUbDYsCceZq4TI-IK8bNQxstXKGXe,2024-12-11 18:47:58.113627
49,1,Tell us about yourself?,1nFUpKJYxhWupRFMS4ISAktGR2oq1aFCu,2024-12-11 18:51:18.997403
50,1,Tell us about yourself?,1PR_HkJevzRWTWhzcELofLo-Jn-TJlesX,2024-12-11 19:05:35.219191
51,1,Tell us about yourself?,1zJ6M5lWBomEAeEWbBP_SCpEzKKh1YjKJ,2024-12-11 19:17:04.700377
52,1,Tell us about yourself?,1SwG5jG6LPF9TICAbfdVedsoKZ1G_1Z1Q,2024-12-11 19:27:11.644331
53,1,Tell us about yourself?,1nCwMjYcjGStCSBn58Duroy3x5DJpVIwK,2024-12-11 19:29:12.995987
54,1,Tell us about yourself?,1BRxU4T47RadAL8-EDRNnhJfJ7JQ63-fX,2024-12-11 19:32:23.828036
55,1,Tell us about yourself?,16FG7od2fF8PrHdxvtDGRHFYWIQ2UtdqC,2024-12-11 19:43:16.532653
56,1,Tell us about yourself?,11MDoz-Xel9DprFVKnMn7i5IMRFxPmV7b,2024-12-11 19:44:29.332992
